CONTRATOS,CLIENTE,ORGANIZACAO,NUMERO_CONTRATO,NUMERO_MAIS_CONTRATO,CONTRACT_ID
ALECE,ASSEMBLEIA LEGISLATIVA DO ESTADO DO CEARÁ,ALUCOM,97-2025,ALECE - 97-2025,3
10a REGIAO MILITAR,COMANDO DA 10a REGIAO MILITAR,ALUCOM,002/2024,10a REGIAO MILITAR - 002/2024,4
CMFOR,COLEGIO MILITAR DE FORTALEZA,ALUCOM,006/2023-SALC/CMF,CMFOR - 006/2023-SALC/CMF,5
ESCOLA DE APRENDIZEM  DE MARINHEIROS DO CEARÁ,ESCOLA DE APRENDIZEM  DE MARINHEIROS DO CEARÁ,ALUCOM,83601/2024-007/00,ESCOLA DE APRENDIZEM  DE MARINHEIROS DO CEARÁ - 83601/2024-007/00,6
UFC,UNIVERSIDADE FEDERAL DO CEARÁ,ALUCOM,08-2024,UFC - 08-2024,7
IFCE CAMOCIM,INSTITUTO FEDERAL DE EDUCAÇÃO E TECNOLOGIA - IFCE CAMOCIM,ALUCOM,04/2024,IFCE CAMOCIM - 04/2024,8
IFCE CAUCAIA,INSTITUTO FEDERAL DE EDUCAÇÃO E TECNOLOGIA - IFCE CAUCAIA,ALUCOM,03-2024,IFCE CAUCAIA - 03-2024,9
IFCE ITAPIPOCA,INSTITUTO FEDERAL DE EDUCAÇÃO E TECNOLOGIA - IFCE ITAPIPOCA,ALUCOM,04/2024,IFCE ITAPIPOCA - 04/2024,10
IFCE PARACURU,INSTITUTO FEDERAL DE EDUCAÇÃO E TECNOLOGIA - IFCE PARACURU,ALUCOM,02/2024,IFCE PARACURU - 02/2024,11
IFCE JUAZEIRO DO NORTE,INSTITUTO FEDERAL DE EDUCAÇÃO E TECNOLOGIA - IFCE JUAZEIRO DO NORTE,ALUCOM,05/2024,IFCE JUAZEIRO DO NORTE - 05/2024,12
MINISTÉRIO DA AGRICULTURA E PECUÁRIA/SUPERINTENDÊNCIA FEDERAL DE AGRICULTURA E PECUÁRIA NO PARANÁ (SFA-PR/MAPA),MINISTÉRIO DA AGRICULTURA E PECUÁRIA/SUPERINTENDÊNCIA FEDERAL DE AGRICULTURA E PECUÁRIA NO PARANÁ (SFA-PR/MAPA),ALUCOM,10/2024,MINISTÉRIO DA AGRICULTURA E PECUÁRIA/SUPERINTENDÊNCIA FEDERAL DE AGRICULTURA E PECUÁRIA NO PARANÁ (SFA-PR/MAPA) - 10/2024,13
CAPITANIA DOS PORTOS DE SERGIPE,CAPITANIA DOS PORTOS DE SERGIPE,ALUCOM,82320/202461/00,CAPITANIA DOS PORTOS DE SERGIPE - 82320/202461/00,14
IFRN CAMPUS CEARÁ-MIRIM,"INSTITUTO FEDERAL DE EDUCAÇÃO, CIÊNCIA E TECNOLOGIA DO RIO GRANDE DO NORTE/CAMPUS CEARÁ-MIRIM",ALUCOM,101/2024 -PROAD/IFRN,IFRN CAMPUS CEARÁ-MIRIM - 101/2024 -PROAD/IFRN,15
IFRN CAMPUS NATAL,"INSTITUTO FEDERAL DE EDUCAÇÃO, CIÊNCIA E TECNOLOGIA DO RIO GRANDE DO NORTE/CAMPUS ZONA NORTE",ALUCOM,287/2024 - PROAD/IFRN,IFRN CAMPUS NATAL - 287/2024 - PROAD/IFRN,16
TRE RJ,TRIBUNAL REGIONAL ELEITORAL O RIO DE JANEIRO,ALUCOM,07-2024,TRE RJ - 07-2024,17
DELEGACIA DA CAPITANIA DE SÃO FRANCISCO DO SUL,DELEGACIA DA CAPITANIA DE SÃO FRANCISCO DO SUL,ALUCOM,63187.000016/2025-68,DELEGACIA DA CAPITANIA DE SÃO FRANCISCO DO SUL - 63187.000016/2025-68,18
DELEGACIA DA CAPITANIA DOS PORTOS EM ITAJAÍ,ESCOLA DE APRENDIZEM  DE MARINHEIROS DO CEARÁ,ALUCOM,63467.006334/2024-13,DELEGACIA DA CAPITANIA DOS PORTOS EM ITAJAÍ - 63467.006334/2024-13,19
SUPERINTENDÊNCIA FEDERAL DE AGRICULTURA E PECUARIA NO ESTADO DE SANTA CATARINA - SFA-SC,SUPERINTENDÊNCIA FEDERAL DE AGRICULTURA E PECUARIA NO ESTADO DE SANTA CATARINA - SFA-SC,ALUCOM,03-2024,SUPERINTENDÊNCIA FEDERAL DE AGRICULTURA E PECUARIA NO ESTADO DE SANTA CATARINA - SFA-SC - 03-2024,20
UFSC,UNIVERSIDADE FEDERAL DE SANTA CATARINA,ALUCOM,45/2024,UFSC - 45/2024,21
BASE ADMINISTRATIVA DO QUARTEL-GENERAL DO EXÉRCITO,BASE ADMINISTRATIVA DO QUARTEL-GENERAL DO EXÉRCITO,ALUCOM,04-2025,BASE ADMINISTRATIVA DO QUARTEL-GENERAL DO EXÉRCITO - 04-2025,22
MCID,MINISTÉRIO DAS CIDADES,ALUCOM,05-2025,MCID - 05-2025,23
COTER,COMANDO DE OPERAÇÕES TERRESTRES,ALUCOM,1-2025,COTER - 1-2025,24
CONSELHO FEDERAL DE FARMÁCIA,CONSELHO FEDERAL DE FARMÁCIA,ALUCOM,4-2025,CONSELHO FEDERAL DE FARMÁCIA - 4-2025,25
MCTI,"MINISTÉRIO DA CIÊNCIA, TECNOLOGIA E INOVAÇÃO",ALUCOM,05-2025,MCTI - 05-2025,26
MTE,MINISTÉRIO DO TRABALHO E EMPREGO,ALUCOM,52-2024,MTE - 52-2024,27
MT,MINISTÉRIO DOS TRANSPORTES,ALUCOM,06-2024,MT - 06-2024,28
MINISTÉRIO DA DEFESA - COMANDO DA AERONÁUTICA - GRUPAMENTO DE APOIO DE BRASÍLIA,MINISTÉRIO DA DEFESA - COMANDO DA AERONÁUTICA - GRUPAMENTO DE APOIO DE BRASÍLIA,ALUCOM,005/GAP-BR/2024,MINISTÉRIO DA DEFESA - COMANDO DA AERONÁUTICA - GRUPAMENTO DE APOIO DE BRASÍLIA - 005/GAP-BR/2024,29
COMANDO DA 8º REGIÃO MILITAR,COMANDO DA 8º REGIÃO MILITAR,ALUCOM,01-2026,COMANDO DA 8º REGIÃO MILITAR - 01-2026,30
HUJB,HOSPITAL UNIVERSITARIO JULIO BANDEIRA,ALUCOM,02/2024,HUJB - 02/2024,31
HUAC,HOSPITAL UNIVERSITARIO ALCIDES CARNEIRO,ALUCOM,22/2023,HUAC - 22/2023,32
HULW,HOSPITAL UNIVERSITARIO LAURO WANDERLEY,ALUCOM,07/2024,HULW - 07/2024,33
1o GRUPAMENTO DE ENGENHARIA,COMANDO DO 1º GRUPAMENTO DE ENGENHARIA,ALUCOM,27/2023,1o GRUPAMENTO DE ENGENHARIA - 27/2023,34
COLEGIO MILITAR DE SÃO PAULO,COLEGIO MILITAR DE SÃO PAULO,ALUCOM,01-2023,COLEGIO MILITAR DE SÃO PAULO - 01-2023,35
INCRA,INSTITUTO NACIONAL DE COLONIZAÇÃO E REFORMA AGRÁRIA NO ESTADO DO MARANHÃO,ALUCOM,892/2024,INCRA - 892/2024,36
SEGER,SECRETARIA MUNICIPAL DA GESTÃO REGIONAL - SEGER,ALUCOM,026-2022 - SEGER,SEGER - 026-2022 - SEGER,37
CEGOR,COORDENADORIA ESPECIAL DE APOIO À GOVERNANÇA DAS REGIONAIS – CEGOR,ALUCOM,Nº 26/2022 - SEGER – SUB-ROGADO CEGOR,CEGOR - Nº 26/2022 - SEGER – SUB-ROGADO CEGOR,38
DETRAN MA,DETRAN,ALUCOM,06/2024-DETRAN/MA,DETRAN MA - 06/2024-DETRAN/MA,39
IPAM,IPAM,ALUCOM,0014/2022,IPAM - 0014/2022,40
PCDF,POLICIA CIVIL DO DISTRITO FEDERAL,ALUCOM,11/2025,PCDF - 11/2025,41
HEMOCENTRO PB,SECRETARIA DE ESTADO DA SAÚDE - HEMOCENTRO,ALUCOM,0096-2024,HEMOCENTRO PB - 0096-2024,42
ALEMA,ASSEMBLEIA LEGISLATIVA DO ESTADO DO MARANHÃO,ALUCOM,49/2023,ALEMA - 49/2023,43
SEAP-PB,SECRETARIA DE ESTADO DA ADMINISTRAÇÃO PENITENCIÁRIA – SEAP-PB,ALUCOM,0025/2024,SEAP-PB - 0025/2024,44
PCPB,POLICIA CIVIL DA PARAIBA,ALUCOM,0005/2024/PCPB,PCPB - 0005/2024/PCPB,45
SETUR,SETUR,ALUCOM,nº 2024.000006.37101.01,SETUR - nº 2024.000006.37101.01,46
CITINOVA,FUNDACAO CITINOVA,ALUCOM,005/2022,CITINOVA - 005/2022,47
RESENDE / SMA,RESENDE - SECRETARIA MUNICIPAL DE ADMINISTRAÇÃO / SMA,ALUCOM,17/2024,RESENDE / SMA - 17/2024,48
SECRETARIA MUNICIPAL DE SEGURANÇA COM CIDADANIA−SEMUSC - 007-2022,SECRETARIA MUNICIPAL DE SEGURANÇA COM CIDADANIA−SEMUSC,ALUCOM,007-2022,SECRETARIA MUNICIPAL DE SEGURANÇA COM CIDADANIA−SEMUSC - 007-2022 - 007-2022,49
CAMARA DE HORTOLANDIA,CAMARA MUNICIPAL DE HORTOLÂNDIA,ALUCOM,29-2023,CAMARA DE HORTOLANDIA - 29-2023,50
FMS PB,FMS,ALUCOM,11.079-2023,FMS PB - 11.079-2023,51
SEMCAS - 017-2022,SEMCAS,ALUCOM,017-2022,SEMCAS - 017-2022 - 017-2022,52
SEMCAS - 019-2022,SEMCAS,ALUCOM,019-2022,SEMCAS - 019-2022 - 019-2022,53
PREFEITURA MUNICIPAL DE ARACATI - CASA CIVIL,PREFEITURA MUNICIPAL DE ARACATI - CASA CIVIL,ALUCOM,2022.04.13-008,PREFEITURA MUNICIPAL DE ARACATI - CASA CIVIL - 2022.04.13-008,54
PREF. MUNICIPAL DE CANINDE - AGRICULTURA,PREF. MUNICIPAL DE CANINDE - AGRICULTURA,ALUCOM,20230929012,PREF. MUNICIPAL DE CANINDE - AGRICULTURA - 20230929012,55
PREF. MUNICIPAL DE ARACATI - SEGURANÇA CIDADÃ - 017-2022,PREFEITURA MUNICIPAL DE ARACATI - SEGURANÇA CIDADÃ,ALUCOM,2022.04.13-017,PREF. MUNICIPAL DE ARACATI - SEGURANÇA CIDADÃ - 017-2022 - 2022.04.13-017,56
PREF. MUNICIPAL DE ARACATI - SEGURANÇA CIDADÃ - 018-2022,PREFEITURA MUNICIPAL DE ARACATI - SEGURANÇA CIDADÃ,ALUCOM,2022.04.13.018,PREF. MUNICIPAL DE ARACATI - SEGURANÇA CIDADÃ - 018-2022 - 2022.04.13.018,57
PREFEITURA MUNICIPAL DE MARANGUAPE - GABINETE,MARANGUAPE - PREFEITURA MUNICIPAL DE MARANGUAPE,ALUCOM,02.25.06.02.001,PREFEITURA MUNICIPAL DE MARANGUAPE - GABINETE - 02.25.06.02.001,58
PREFEITURA MUNICIPAL DE MOCOCA,PREFEITURA MUNICIPAL DE MOCOCA,ALUCOM,39/2025,PREFEITURA MUNICIPAL DE MOCOCA - 39/2025,59
PREF. MUNICIPAL DE ARACATI - DESENVOLVIMENTO SOCIAL - 021-2022,PREF. MUNICIPAL DE ARACATI - DESENVOLVIMENTO SOCIAL,ALUCOM,20220413021,PREF. MUNICIPAL DE ARACATI - DESENVOLVIMENTO SOCIAL - 021-2022 - 20220413021,60
PREFEITURA MUNICIPAL DE TIANGUA - SAUDE,PREFEITURA MUNICIPAL DE TIANGUA - SAUDE,ALUCOM,1004202401SESA,PREFEITURA MUNICIPAL DE TIANGUA - SAUDE - 1004202401SESA,61
PREFEITURA MUNICIPAL DE MARANGUAPE - SAUDE,MARANGUAPE - PREFEITURA MUNICIPAL DE MARANGUAPE,ALUCOM,05.25.03.03.001,PREFEITURA MUNICIPAL DE MARANGUAPE - SAUDE - 05.25.03.03.001,62
PREFEITURA MUNICIPAL DE MARANGUAPE - SAFIN,MARANGUAPE - PREFEITURA MUNICIPAL DE MARANGUAPE,ALUCOM,03.25.02.03.002,PREFEITURA MUNICIPAL DE MARANGUAPE - SAFIN - 03.25.02.03.002,63
PREF. MUNICIPAL DE ARACATI - CONTROLADORIA,PREF. MUNICIPAL DE ARACATI - CONTROLADORIA,ALUCOM,2022.04.13-012,PREF. MUNICIPAL DE ARACATI - CONTROLADORIA - 2022.04.13-012,64
PREFEITURA MUNICIPAL DE ITAREMA - SAUDE,PREFEITURA MUNICIPAL DE ITAREMA - SAUDE,ALUCOM,015/2025-SMS,PREFEITURA MUNICIPAL DE ITAREMA - SAUDE - 015/2025-SMS,65
PREFEITURA MUNICIPAL DE ACOPIARA - PROCURADORIA,PREFEITURA MUNICIPAL DE ACOPIARA - PROCURADORIA,ALUCOM,2024.01.05.05,PREFEITURA MUNICIPAL DE ACOPIARA - PROCURADORIA - 2024.01.05.05,66
PREFEITURA MUNICIPAL DE MARANGUAPE - SEJUV,MARANGUAPE - PREFEITURA MUNICIPAL DE MARANGUAPE,ALUCOM,13.25.03.03.001,PREFEITURA MUNICIPAL DE MARANGUAPE - SEJUV - 13.25.03.03.001,67
PREFEITURA MUNICIPAL DE MARANGUAPE - TRAB ASSIST SOCIAL - 07.25.03.03.001,MARANGUAPE - PREFEITURA MUNICIPAL DE MARANGUAPE,ALUCOM,07.25.03.03.001,PREFEITURA MUNICIPAL DE MARANGUAPE - TRAB ASSIST SOCIAL - 07.25.03.03.001 - 07.25.03.03.001,68
PREFEITURA MUNICIPAL DE MARANGUAPE - TRAB ASSIST SOCIAL - 07.25.04.02.001,MARANGUAPE - PREFEITURA MUNICIPAL DE MARANGUAPE,ALUCOM,07.25.04.02.001,PREFEITURA MUNICIPAL DE MARANGUAPE - TRAB ASSIST SOCIAL - 07.25.04.02.001 - 07.25.04.02.001,69
PREFEITURA MUNICIPAL DE ACOPIARA - SAÚDE,PREFEITURA MUNICIPAL DE ACOPIARA - SAÚDE,ALUCOM,2024.01.05.02,PREFEITURA MUNICIPAL DE ACOPIARA - SAÚDE - 2024.01.05.02,70
PREFEITURA MUNICIPAL DE ACOPIARA - TRANSPORTE E LOGISTICA,PREFEITURA MUNICIPAL DE ACOPIARA - TRANSPORTE E LOGISTICA,ALUCOM,2024.01.05.01,PREFEITURA MUNICIPAL DE ACOPIARA - TRANSPORTE E LOGISTICA - 2024.01.05.01,71
PREFEITURA MUNICIPAL DE ACOPIARA - TRABALHO E DESENVOLVIMENTO SOCIAL,PREFEITURA MUNICIPAL DE ACOPIARA - TRABALHO E DESENVOLVIMENTO SOCIAL,ALUCOM,2024.01.05.03,PREFEITURA MUNICIPAL DE ACOPIARA - TRABALHO E DESENVOLVIMENTO SOCIAL - 2024.01.05.03,72
PREFEITURA MUNICIPAL DE ACOPIARA - TRABALHO E DESENVOLVIMENTO SOCIAL - PROGRAMAS,PREFEITURA MUNICIPAL DE ACOPIARA - TRABALHO E DESENVOLVIMENTO SOCIAL - PROGRAMAS,ALUCOM,2024.01.05.04,PREFEITURA MUNICIPAL DE ACOPIARA - TRABALHO E DESENVOLVIMENTO SOCIAL - PROGRAMAS - 2024.01.05.04,73
SECRETARIA DO TRABALHO DO ESTADO DO CEARÁ - SET,SECRETARIA DO TRABALHO DO ESTADO DO CEARÁ - SET,ALUCOM,016/2025,SECRETARIA DO TRABALHO DO ESTADO DO CEARÁ - SET - 016/2025,74
PREFEITURA MUNICIPAL DE PALMACIA - FUNDO MUNICIPAL DE ASSISTENCIA SOCIAL,PREFEITURA MUNICIPAL DE PALMACIA - FUNDO MUNICIPAL DE ASSISTENCIA SOCIAL,ALUCOM,20250813009,PREFEITURA MUNICIPAL DE PALMACIA - FUNDO MUNICIPAL DE ASSISTENCIA SOCIAL - 20250813009,75
PREFEITURA MUNICIPAL DE PALMACIA - EDUCAÇÃO,PREFEITURA MUNICIPAL DE PALMACIA - EDUCAÇÃO,ALUCOM,20250813004,PREFEITURA MUNICIPAL DE PALMACIA - EDUCAÇÃO - 20250813004,76
PREFEITURA MUNICIPAL DE PALMACIA - FUNDO MUNICIPAL DE PREVIDÊNCIA,PREFEITURA MUNICIPAL DE PALMACIA - FUNDO MUNICIPAL DE PREVIDÊNCIA,ALUCOM,20250813008,PREFEITURA MUNICIPAL DE PALMACIA - FUNDO MUNICIPAL DE PREVIDÊNCIA - 20250813008,77
PREFEITURA MUNICIPAL DE PALMACIA - ADMINISTRAÇÃO,PREFEITURA MUNICIPAL DE PALMACIA - ADMINISTRAÇÃO,ALUCOM,20250813001,PREFEITURA MUNICIPAL DE PALMACIA - ADMINISTRAÇÃO - 20250813001,78
PREFEITURA MUNICIPAL DE PALMACIA - AGRICULTURA E ABASTECIMENTO,PREFEITURA MUNICIPAL DE PALMACIA - AGRICULTURA E ABASTECIMENTO,ALUCOM,20250813007,PREFEITURA MUNICIPAL DE PALMACIA - AGRICULTURA E ABASTECIMENTO - 20250813007,79
PREFEITURA MUNICIPAL DE PALMACIA - CULTURA,PREFEITURA MUNICIPAL DE PALMACIA - CULTURA,ALUCOM,20250813006,PREFEITURA MUNICIPAL DE PALMACIA - CULTURA - 20250813006,80
PREFEITURA MUNICIPAL DE PALMACIA - FINANÇAS,PREFEITURA MUNICIPAL DE PALMACIA - FINANÇAS,ALUCOM,20250813002,PREFEITURA MUNICIPAL DE PALMACIA - FINANÇAS - 20250813002,82
PREFEITURA MUNICIPAL DE ARACATI - DESENVOLVIMENTO AGRÁRIO,PREFEITURA MUNICIPAL DE ARACATI - DESENVOLVIMENTO AGRÁRIO,ALUCOM,20220413010,PREFEITURA MUNICIPAL DE ARACATI - DESENVOLVIMENTO AGRÁRIO - 20220413010,83
PREFEITURA MUNICIPAL DE PALMACIA - OBRAS E MEIO AMBIENTE,PREFEITURA MUNICIPAL DE PALMACIA - OBRAS E MEIO AMBIENTE,ALUCOM,20250813005,PREFEITURA MUNICIPAL DE PALMACIA - OBRAS E MEIO AMBIENTE - 20250813005,84
PREFEITURA MUNICIPAL DE PALMACIA - SAÚDE,PREFEITURA MUNICIPAL DE PALMACIA - SAÚDE,ALUCOM,20250813003,PREFEITURA MUNICIPAL DE PALMACIA - SAÚDE - 20250813003,85
HOSPITAL MUNICIPAL DR. AUGEU BRAGA HERBSTER,MARANGUAPE - PREFEITURA MUNICIPAL DE MARANGUAPE,ALUCOM,09.25.03.03.001,HOSPITAL MUNICIPAL DR. AUGEU BRAGA HERBSTER - 09.25.03.03.001,86
"PREFEITURA MUNICIPAL DE MARANGUAPE - AGRICULTURA, PESCA E RECURSOS HÍDRICOS",MARANGUAPE - PREFEITURA MUNICIPAL DE MARANGUAPE,ALUCOM,11.25.03.03.001,"PREFEITURA MUNICIPAL DE MARANGUAPE - AGRICULTURA, PESCA E RECURSOS HÍDRICOS - 11.25.03.03.001",87
PREFEITURA MUNICIPAL DE MARANGUAPE - EDUCAÇÃO,MARANGUAPE - PREFEITURA MUNICIPAL DE MARANGUAPE,ALUCOM,04.25.03.03.001,PREFEITURA MUNICIPAL DE MARANGUAPE - EDUCAÇÃO - 04.25.03.03.001,88
CÂMARA MUNICIPAL DE CAUCAIA,CÂMARA MUNICIPAL DE CAUCAIA,ALUCOM,042/2022,CÂMARA MUNICIPAL DE CAUCAIA - 042/2022,89
"PREFEITURA MUNICIPAL DE ARACATI - DESENV ECON, TRAB E RENDA","PREFEITURA MUNICIPAL DE ARACATI - DESENV ECON, TRAB E RENDA",ALUCOM,2022041303,"PREFEITURA MUNICIPAL DE ARACATI - DESENV ECON, TRAB E RENDA - 2022041303",90
PREFEITURA MUNICIPAL DE CAUCAIA - TURISMO E CULTURA,PREFEITURA MUNICIPAL DE CAUCAIA - TURISMO E CULTURA,ALUCOM,2021.08.02.01-11,PREFEITURA MUNICIPAL DE CAUCAIA - TURISMO E CULTURA - 2021.08.02.01-11,91
PREFEITURA MUNICIPAL DE CAUCAIA - ADMINISTRAÇÃO E RECURSOS HUMANOS,PREFEITURA MUNICIPAL DE CAUCAIA - ADMINISTRAÇÃO E RECURSOS HUMANOS,ALUCOM,2021.08.02.01-01,PREFEITURA MUNICIPAL DE CAUCAIA - ADMINISTRAÇÃO E RECURSOS HUMANOS - 2021.08.02.01-01,92
PREFEITURA MUNICIPAL DE ARACATI - EDUCAÇÃO,PREFEITURA MUNICIPAL DE ARACATI - EDUCAÇÃO,ALUCOM,20220413019,PREFEITURA MUNICIPAL DE ARACATI - EDUCAÇÃO - 20220413019,93
PREFEITURA MUNICIPAL DE CAUCAIA - AUTARQUIA MUNICIPAL DE TRÂNSITO,PREFEITURA MUNICIPAL DE CAUCAIA - AUTARQUIA MUNICIPAL DE TRÂNSITO,ALUCOM,2021.08.02.01-19,PREFEITURA MUNICIPAL DE CAUCAIA - AUTARQUIA MUNICIPAL DE TRÂNSITO - 2021.08.02.01-19,94
PREFEITURA MUNICIPAL DE CANINDE - SECRETARIA DE ASSISTÊNCIA SOCIAL,PREFEITURA MUNICIPAL DE CANINDE - SECRETARIA DE ASSISTÊNCIA SOCIAL,ALUCOM,20230929012,PREFEITURA MUNICIPAL DE CANINDE - SECRETARIA DE ASSISTÊNCIA SOCIAL - 20230929012,95
PREFEITURA MUNICIPAL DE ARACATI - ESPORTE E LAZER,PREFEITURA MUNICIPAL DE ARACATI - ESPORTE E LAZER,ALUCOM,20220413005,PREFEITURA MUNICIPAL DE ARACATI - ESPORTE E LAZER - 20220413005,96
PREFEITURA MUNICIPAL DE ARACATI - FINANÇAS,PREFEITURA MUNICIPAL DE ARACATI - FINANÇAS,ALUCOM,20220413004,PREFEITURA MUNICIPAL DE ARACATI - FINANÇAS - 20220413004,97
PREFEITURA MUNICIPAL DE ARACATI - SEGURIDADE SOCIAL,PREFEITURA MUNICIPAL DE ARACATI - SEGURIDADE SOCIAL,ALUCOM,20220413009,PREFEITURA MUNICIPAL DE ARACATI - SEGURIDADE SOCIAL - 20220413009,98
PREFEITURA MUNICIPAL DE ARACATI - GABINETE DO PREFEITO,PREFEITURA MUNICIPAL DE ARACATI - GABINETE DO PREFEITO,ALUCOM,20220413007,PREFEITURA MUNICIPAL DE ARACATI - GABINETE DO PREFEITO - 20220413007,99
SECRETARIA MUNICIPAL DE INFORMAÇÃO E TECNOLOGIA - SEMIT,SEMIT,ALUCOM,01/2024 GAB/SEMIT,SECRETARIA MUNICIPAL DE INFORMAÇÃO E TECNOLOGIA - SEMIT - 01/2024 GAB/SEMIT,100
PREFEITURA MUNICIPAL DE CAMOCIM - CONSERVAÇÃO E SERVIÇOS PUBLICOS,PREFEITURA MUNICIPAL DE CAMOCIM - CONSERVAÇÃO E SERVIÇOS PUBLICOS,ALUCOM,2022.04.05.002-03,PREFEITURA MUNICIPAL DE CAMOCIM - CONSERVAÇÃO E SERVIÇOS PUBLICOS - 2022.04.05.002-03,101
PREFEITURA MUNICIPAL DE CAMOCIM - CULTURA,PREFEITURA MUNICIPAL DE CAMOCIM - CULTURA,ALUCOM,2022.04.05.002-07,PREFEITURA MUNICIPAL DE CAMOCIM - CULTURA - 2022.04.05.002-07,102
PREFEITURA MUNICIPAL DE CAMOCIM -  DESENVOLVIMENTO SOCIAL E CIDADANIA,PREFEITURA MUNICIPAL DE CAMOCIM -  DESENVOLVIMENTO SOCIAL E CIDADANIA,ALUCOM,2022.04.05.002-05,PREFEITURA MUNICIPAL DE CAMOCIM -  DESENVOLVIMENTO SOCIAL E CIDADANIA - 2022.04.05.002-05,103
PREFEITURA MUNICIPAL DE CAMOCIM - EDUCAÇÃO,PREFEITURA MUNICIPAL DE CAMOCIM - EDUCAÇÃO,ALUCOM,2022.04.05.002-06,PREFEITURA MUNICIPAL DE CAMOCIM - EDUCAÇÃO - 2022.04.05.002-06,104
PREFEITURA MUNICIPAL DE CAMOCIM - ESPORTE E JUVENTUDE,PREFEITURA MUNICIPAL DE CAMOCIM - ESPORTE E JUVENTUDE,ALUCOM,2022.04.05.002-10,PREFEITURA MUNICIPAL DE CAMOCIM - ESPORTE E JUVENTUDE - 2022.04.05.002-10,105
PREFEITURA MUNICIPAL DE CAMOCIM - GABINETE DA PREFEITA,PREFEITURA MUNICIPAL DE CAMOCIM - GABINETE DA PREFEITA,ALUCOM,2022.04.05.002-08,PREFEITURA MUNICIPAL DE CAMOCIM - GABINETE DA PREFEITA - 2022.04.05.002-08,106
PREFEITURA MUNICIPAL DE CAMOCIM - GESTÃO ADMINISTRATIVA,PREFEITURA MUNICIPAL DE CAMOCIM - GESTÃO ADMINISTRATIVA,ALUCOM,2022.04.05.002-01,PREFEITURA MUNICIPAL DE CAMOCIM - GESTÃO ADMINISTRATIVA - 2022.04.05.002-01,107
PREFEITURA MUNICIPAL DE CAMOCIM - INFRAESTRUTURA,PREFEITURA MUNICIPAL DE CAMOCIM - INFRAESTRUTURA,ALUCOM,2022.04.05.002-12,PREFEITURA MUNICIPAL DE CAMOCIM - INFRAESTRUTURA - 2022.04.05.002-12,108
"PREFEITURA MUNICIPAL DE CAMOCIM - PESCA, AGRICULTURA, RECURSOS HÍDRICOS E MEIO AMBIENTE","PREFEITURA MUNICIPAL DE CAMOCIM - PESCA, AGRICULTURA, RECURSOS HÍDRICOS E MEIO AMBIENTE",ALUCOM,2022.04.05.002-11,"PREFEITURA MUNICIPAL DE CAMOCIM - PESCA, AGRICULTURA, RECURSOS HÍDRICOS E MEIO AMBIENTE - 2022.04.05.002-11",109
PREFEITURA MUNICIPAL DE CAMOCIM - PROCURADORIA GERAL DO MUNICÍPIO,PREFEITURA MUNICIPAL DE CAMOCIM - PROCURADORIA GERAL DO MUNICÍPIO,ALUCOM,2022.04.05.002-09,PREFEITURA MUNICIPAL DE CAMOCIM - PROCURADORIA GERAL DO MUNICÍPIO - 2022.04.05.002-09,110
PREFEITURA MUNICIPAL DE CAMOCIM - SAÚDE,PREFEITURA MUNICIPAL DE CAMOCIM - SAÚDE,ALUCOM,2022.04.05.002-02,PREFEITURA MUNICIPAL DE CAMOCIM - SAÚDE - 2022.04.05.002-02,111
"PREFEITURA MUNICIPAL DE CAMOCIM - SEGURANÇA, TRÂNSITO E DEFESA CIVIL","PREFEITURA MUNICIPAL DE CAMOCIM - SEGURANÇA, TRÂNSITO E DEFESA CIVIL",ALUCOM,2022.04.05.002-04,"PREFEITURA MUNICIPAL DE CAMOCIM - SEGURANÇA, TRÂNSITO E DEFESA CIVIL - 2022.04.05.002-04",112
PREFEITURA  MUNICIPAL DE CAUCAIA - CONTROLADORIA,PREFEITURA  MUNICIPAL DE CAUCAIA - CONTROLADORIA,ALUCOM,2021.08.02.01-12,PREFEITURA  MUNICIPAL DE CAUCAIA - CONTROLADORIA - 2021.08.02.01-12,113
PREFEITURA  MUNICIPAL DE CAUCAIA - DESENVOLVMENTO RURAL,PREFEITURA  MUNICIPAL DE CAUCAIA - DESENVOLVMENTO RURAL,ALUCOM,2021.08.02.01-08,PREFEITURA  MUNICIPAL DE CAUCAIA - DESENVOLVMENTO RURAL - 2021.08.02.01-08,114
PREFEITURA MUNICIPAL DE CAMOCIM - TURISMO E DESENVOLVIMENTO ECONÔMICO,PREFEITURA MUNICIPAL DE CAMOCIM - TURISMO E DESENVOLVIMENTO ECONÔMICO,ALUCOM,2022.04.05.002-13,PREFEITURA MUNICIPAL DE CAMOCIM - TURISMO E DESENVOLVIMENTO ECONÔMICO - 2022.04.05.002-13,115
PREFEITURA  MUNICIPAL DE CAUCAIA - DESENVOLVMENTO SOCIAL,PREFEITURA  MUNICIPAL DE CAUCAIA - DESENVOLVMENTO SOCIAL,ALUCOM,2021.08.02.01-02,PREFEITURA  MUNICIPAL DE CAUCAIA - DESENVOLVMENTO SOCIAL - 2021.08.02.01-02,116
PREFEITURA MUNICIPAL DE ARACATI - IQUAMA,PREFEITURA MUNICIPAL DE ARACATI - IQUAMA,ALUCOM,20220413001,PREFEITURA MUNICIPAL DE ARACATI - IQUAMA - 20220413001,117
PREFEITURA MUNICIPAL DE ARACATI - MEIO AMBIENTE,PREFEITURA MUNICIPAL DE ARACATI - MEIO AMBIENTE,ALUCOM,20220413006,PREFEITURA MUNICIPAL DE ARACATI - MEIO AMBIENTE - 20220413006,118
PREFEITURA MUNICIPAL DE ARACATI - PLANEJAMENTO E ADMINISTRAÇÃO,PREFEITURA MUNICIPAL DE ARACATI - PLANEJAMENTO E ADMINISTRAÇÃO,ALUCOM,20220413014,PREFEITURA MUNICIPAL DE ARACATI - PLANEJAMENTO E ADMINISTRAÇÃO - 20220413014,119
PREFEITURA MUNICIPAL DE ARACATI - PROCURADORIA,PREFEITURA MUNICIPAL DE ARACATI - PROCURADORIA,ALUCOM,20220413013,PREFEITURA MUNICIPAL DE ARACATI - PROCURADORIA - 20220413013,120
PREFEITURA MUNICIPAL DE CANINDE - SECRETARIA CHEFIA DE GABINETE,PREFEITURA MUNICIPAL DE CANINDE - SECRETARIA CHEFIA DE GABINETE,ALUCOM,20230929003,PREFEITURA MUNICIPAL DE CANINDE - SECRETARIA CHEFIA DE GABINETE - 20230929003,121
PREFEITURA MUNICIPAL DE CANINDE - CONTROLADORIA GERAL DO MUNICÍPIO,PREFEITURA MUNICIPAL DE CANINDE - CONTROLADORIA GERAL DO MUNICÍPIO,ALUCOM,20230929011,PREFEITURA MUNICIPAL DE CANINDE - CONTROLADORIA GERAL DO MUNICÍPIO - 20230929011,122
"PREFEITURA MUNICIPAL DE CANINDE - SECRETARIA DE DESENVOLVIMENTO ECONÔMICO E 
TURISMO",PREFEITURA MUNICIPAL DE CANINDE - SECRETARIA DE DESENVOLVIMENTO ECONÔMICO E TURISMO,ALUCOM,20230929010,"PREFEITURA MUNICIPAL DE CANINDE - SECRETARIA DE DESENVOLVIMENTO ECONÔMICO E 
TURISMO - 20230929010",123
"PREFEITURA MUNICIPAL DE CANINDE - SECRETARIA MUNICIPAL DE DESENVOLVIMENTO URBANO, INFRAESTRUTURA E SERVIÇOS PÚBLICOS","PREFEITURA MUNICIPAL DE CANINDE - SECRETARIA MUNICIPAL DE DESENVOLVIMENTO URBANO, INFRAESTRUTURA E SERVIÇOS PÚBLICOS",ALUCOM,20230929013,"PREFEITURA MUNICIPAL DE CANINDE - SECRETARIA MUNICIPAL DE DESENVOLVIMENTO URBANO, INFRAESTRUTURA E SERVIÇOS PÚBLICOS - 20230929013",124
"PREFEITURA MUNICIPAL DE CANINDE - FUNDAÇÃO DE ESPORTE, CULTURA E PATRIMÔNIO","PREFEITURA MUNICIPAL DE CANINDE - FUNDAÇÃO DE ESPORTE, CULTURA E PATRIMÔNIO",ALUCOM,20230929009,"PREFEITURA MUNICIPAL DE CANINDE - FUNDAÇÃO DE ESPORTE, CULTURA E PATRIMÔNIO - 20230929009",125
"PREFEITURA MUNICIPAL DE CANINDE - SECRETARIA DE PLANEJAMENTO, ADMINISTRAÇÃO E FINANÇAS","PREFEITURA MUNICIPAL DE CANINDE - SECRETARIA DE PLANEJAMENTO, ADMINISTRAÇÃO E 
FINANÇAS",ALUCOM,20230929002,"PREFEITURA MUNICIPAL DE CANINDE - SECRETARIA DE PLANEJAMENTO, ADMINISTRAÇÃO E FINANÇAS - 20230929002",126
PREFEITURA MUNICIPAL DE CANINDE - PROCURADORIA GERAL DO MUNICÍPIO,PREFEITURA MUNICIPAL DE CANINDE - PROCURADORIA GERAL DO MUNICÍPIO,ALUCOM,20230929004,PREFEITURA MUNICIPAL DE CANINDE - PROCURADORIA GERAL DO MUNICÍPIO - 20230929004,127
PREFEITURA MUNICIPAL DE CANINDE - SECRETARIA DE SAÚDE,PREFEITURA MUNICIPAL DE CANINDE - SECRETARIA DE SAÚDE,ALUCOM,20230929001,PREFEITURA MUNICIPAL DE CANINDE - SECRETARIA DE SAÚDE - 20230929001,128
PREFEITURA MUNICIPAL DE CANINDE - SECRETARIA DE SEGURANÇA PÚBLICA E TRÂNSITO,PREFEITURA MUNICIPAL DE CANINDE - SECRETARIA DE SEGURANÇA PÚBLICA E TRÂNSITO,ALUCOM,20230929008,PREFEITURA MUNICIPAL DE CANINDE - SECRETARIA DE SEGURANÇA PÚBLICA E TRÂNSITO - 20230929008,129
PREFEITURA MUNICIPAL DE ARACATI - SAÚDE,PREFEITURA MUNICIPAL DE ARACATI - SAÚDE,ALUCOM,20220413016,PREFEITURA MUNICIPAL DE ARACATI - SAÚDE - 20220413016,130
PREFEITURA MUNICIPAL DE ARACATI - SEINFRA,PREFEITURA MUNICIPAL DE ARACATI - SEINFRA,ALUCOM,20220413011,PREFEITURA MUNICIPAL DE ARACATI - SEINFRA - 20220413011,131
PREFEITURA MUNICIPAL DE ARACATI - TURISMO E CULTURA,PREFEITURA MUNICIPAL DE ARACATI - TURISMO E CULTURA,ALUCOM,20220413015,PREFEITURA MUNICIPAL DE ARACATI - TURISMO E CULTURA - 20220413015,132
PREF. MUNICIPAL DE ARACATI - DESENVOLVIMENTO SOCIAL - 020-2022,PREF. MUNICIPAL DE ARACATI - DESENVOLVIMENTO SOCIAL,ALUCOM,20220413020,PREF. MUNICIPAL DE ARACATI - DESENVOLVIMENTO SOCIAL - 020-2022 - 20220413020,133
ISG - CCC & HUC - 106951-21,ISGH,ALUCOM,106951-21,ISG - CCC & HUC - 106951-21 - 106951-21,134
PREFEITURA MUNICIPAL DE CAUCAIA -  SECRETARIA DE GESTÃO E GOVERNO,PREFEITURA MUNICIPAL DE CAUCAIA -  SECRETARIA DE GESTÃO E GOVERNO,ALUCOM,004/2022-SEGOV,PREFEITURA MUNICIPAL DE CAUCAIA -  SECRETARIA DE GESTÃO E GOVERNO - 004/2022-SEGOV,135
ISG - CCC - 106967-21,ISGH,ALUCOM,106967-21,ISG - CCC - 106967-21 - 106967-21,136
ISG - PRIMILAB,ISGH,ALUCOM,99627-21,ISG - PRIMILAB - 99627-21,137
ISG - HELV - 95592-20,ISGH,ALUCOM,95592-20,ISG - HELV - 95592-20 - 95592-20,138
ISG - HELV - 96210-20,ISGH,ALUCOM,96210-20,ISG - HELV - 96210-20 - 96210-20,139
PREFEITURA MUNICIPAL DE CAUCAIA -  SECRETARIA MUNICIPAL DE PLANEJAMENTO URBANO E AMBIENTAL,PREFEITURA MUNICIPAL DE CAUCAIA -  SECRETARIA MUNICIPAL DE PLANEJAMENTO URBANO E AMBIENTAL,ALUCOM,2021.08.02.01-10,PREFEITURA MUNICIPAL DE CAUCAIA -  SECRETARIA MUNICIPAL DE PLANEJAMENTO URBANO E AMBIENTAL - 2021.08.02.01-10,140
PREFEITURA MUNICIPAL DE CAUCAIA - SECRETARIA MUNICIPAL DE INFRAESTRUTURA,PREFEITURA MUNICIPAL DE CAUCAIA - SECRETARIA MUNICIPAL DE INFRAESTRUTURA,ALUCOM,2021.08.02.01-17,PREFEITURA MUNICIPAL DE CAUCAIA - SECRETARIA MUNICIPAL DE INFRAESTRUTURA - 2021.08.02.01-17,141
PREFEITURA MUNICIPAL DE CAUCAIA - PROCURADORIA-GERAL DO MUNICÍPIO,PREFEITURA MUNICIPAL DE CAUCAIA - PROCURADORIA-GERAL DO MUNICÍPIO,ALUCOM,2021.08.02.01-07,PREFEITURA MUNICIPAL DE CAUCAIA - PROCURADORIA-GERAL DO MUNICÍPIO - 2021.08.02.01-07,142
PREFEITURA MUNICIPAL DE CAUCAIA - SECRETARIA MUNICIPAL DE PATRIMÔNIO E TRANSPORTE,PREFEITURA MUNICIPAL DE CAUCAIA - SECRETARIA MUNICIPAL DE PATRIMÔNIO E TRANSPORTE,ALUCOM,2021.08.02.01,PREFEITURA MUNICIPAL DE CAUCAIA - SECRETARIA MUNICIPAL DE PATRIMÔNIO E TRANSPORTE - 2021.08.02.01,143
PREFEITURA MUNICIPAL DE CAUCAIA - INSTITUTO DE PREVIDÊNCIA DO MUNICÍPIO,PREFEITURA MUNICIPAL DE CAUCAIA - INSTITUTO DE PREVIDÊNCIA DO MUNICÍPIO,ALUCOM,2021.08.02.01-06,PREFEITURA MUNICIPAL DE CAUCAIA - INSTITUTO DE PREVIDÊNCIA DO MUNICÍPIO - 2021.08.02.01-06,144
PREFEITURA MUNICIPAL DE CAUCAIA - INSTITUTO DO MEIO AMBIENTE DO MUNICÍPIO,PREFEITURA MUNICIPAL DE CAUCAIA - INSTITUTO DO MEIO AMBIENTE DO MUNICÍPIO,ALUCOM,2021.08.02.01-05,PREFEITURA MUNICIPAL DE CAUCAIA - INSTITUTO DO MEIO AMBIENTE DO MUNICÍPIO - 2021.08.02.01-05,145
PREFEITURA MUNICIPAL DE CAUCAIA - GABINETE DO VICE PREFEITO,PREFEITURA MUNICIPAL DE CAUCAIA - GABINETE DO VICE PREFEITO,ALUCOM,2021.08.02.01-04,PREFEITURA MUNICIPAL DE CAUCAIA - GABINETE DO VICE PREFEITO - 2021.08.02.01-04,146
PREFEITURA MUNICIPAL DE CAUCAIA - GABINETE DO PREFEITO,PREFEITURA MUNICIPAL DE CAUCAIA - GABINETE DO PREFEITO,ALUCOM,2021.08.02.01-03,PREFEITURA MUNICIPAL DE CAUCAIA - GABINETE DO PREFEITO - 2021.08.02.01-03,147
"PREFEITURA MUNICIPAL DE CAUCAIA - SECRETARIA MUNICIPAL DE FINANÇAS, PLANEJAMENTO E ORÇAMENTO","PREFEITURA MUNICIPAL DE CAUCAIA - SECRETARIA MUNICIPAL DE FINANÇAS, PLANEJAMENTO E ORÇAMENTO",ALUCOM,2021.08.02.01-16,"PREFEITURA MUNICIPAL DE CAUCAIA - SECRETARIA MUNICIPAL DE FINANÇAS, PLANEJAMENTO E ORÇAMENTO - 2021.08.02.01-16",148
PREFEITURA MUNICIPAL DE CAUCAIA - SECRETARIA MUNICIPAL DE ESPORTE E JUVENTUDE 2021.08.02.01-15,PREFEITURA MUNICIPAL DE CAUCAIA - SECRETARIA MUNICIPAL DE ESPORTE E JUVENTUDE,ALUCOM,2021.08.02.01-15,PREFEITURA MUNICIPAL DE CAUCAIA - SECRETARIA MUNICIPAL DE ESPORTE E JUVENTUDE 2021.08.02.01-15 - 2021.08.02.01-15,149
PREFEITURA MUNICIPAL DE CAUCAIA - SECRETARIA MUNICIPAL DE ESPORTE E JUVENTUDE  2021.08.02.01-09,PREFEITURA MUNICIPAL DE CAUCAIA - SECRETARIA MUNICIPAL DE ESPORTE E JUVENTUDE,ALUCOM,2021.08.02.01-09,PREFEITURA MUNICIPAL DE CAUCAIA - SECRETARIA MUNICIPAL DE ESPORTE E JUVENTUDE  2021.08.02.01-09 - 2021.08.02.01-09,150
"PREFEITURA MUNICIPAL DE CAUCAIA - SECRETARIA MUNICIPAL DE EDUCAÇÃO, CIÊNCIA E TECNOLOGIA 2021.07.29.01-01","PREFEITURA MUNICIPAL DE CAUCAIA - SECRETARIA MUNICIPAL DE EDUCAÇÃO, CIÊNCIA E TECNOLOGIA",ALUCOM,2021.07.29.01-01,"PREFEITURA MUNICIPAL DE CAUCAIA - SECRETARIA MUNICIPAL DE EDUCAÇÃO, CIÊNCIA E TECNOLOGIA 2021.07.29.01-01 - 2021.07.29.01-01",151
"PREFEITURA MUNICIPAL DE CAUCAIA - SECRETARIA MUNICIPAL DE EDUCAÇÃO, CIÊNCIA E TECNOLOGIA 2021.08.02.01-20","PREFEITURA MUNICIPAL DE CAUCAIA - SECRETARIA MUNICIPAL DE EDUCAÇÃO, CIÊNCIA E TECNOLOGIA",ALUCOM,2021.08.02.01-20,"PREFEITURA MUNICIPAL DE CAUCAIA - SECRETARIA MUNICIPAL DE EDUCAÇÃO, CIÊNCIA E TECNOLOGIA 2021.08.02.01-20 - 2021.08.02.01-20",152
ISG - HELV - 102150-21,ISGH,ALUCOM,102150-21,ISG - HELV - 102150-21 - 102150-21,153
ISG - HGWA,ISGH,ALUCOM,180078-25,ISG - HGWA - 180078-25,154
TOP TRANSPORTES,TOP TRANSPORTES,ALUCOM,2022.03.01.01,TOP TRANSPORTES - 2022.03.01.01,155
ANA KALINCA,ANA KALINCA,ALUCOM,2023.04.01.01,ANA KALINCA - 2023.04.01.01,156
PREFEITURA MUNICIPAL DE CAUCAIA - SECRETARIA DE SEGURANÇA PÚBLICA DE CAUCAIA,PREFEITURA MUNICIPAL DE CAUCAIA - SECRETARIA DE SEGURANÇA PÚBLICA DE CAUCAIA,ALUCOM,2021.11.12.01,PREFEITURA MUNICIPAL DE CAUCAIA - SECRETARIA DE SEGURANÇA PÚBLICA DE CAUCAIA - 2021.11.12.01,157
ESCOLA PREPARATORIA DE CADETES DO EXERCITO,EsPCEx,IP SERVIÇOS,001-2023,ESCOLA PREPARATORIA DE CADETES DO EXERCITO - 001-2023,158
FUNASA,FUNASA,IP SERVIÇOS,002-2023,FUNASA - 002-2023,159
20º RCB,20º RCB,IP SERVIÇOS,003-2024,20º RCB - 003-2024,160
COREN DF,COREN DF,IP SERVIÇOS,006-2023,COREN DF - 006-2023,161
PRIMEIRO CENTRO INTEGRADO DE DEFESA AÉREA E CONTROLE DE TRÁFEGO AÉREO - CINDACT 1,CINDACTA I,IP SERVIÇOS,067/GAPDF-CINDACTA I/2023,PRIMEIRO CENTRO INTEGRADO DE DEFESA AÉREA E CONTROLE DE TRÁFEGO AÉREO - CINDACT 1 - 067/GAPDF-CINDACTA I/2023,162
CRN1 DF,CRN1,IP SERVIÇOS,06-2024,CRN1 DF - 06-2024,163
CENTRO DE LANÇAMENTO DE ALCÂNTARA - CLA,CLA,IP SERVIÇOS,005/CLA/2024,CENTRO DE LANÇAMENTO DE ALCÂNTARA - CLA - 005/CLA/2024,164
CISNORDESTE,CISNORDESTE SC,IP SERVIÇOS,18-2024,CISNORDESTE - 18-2024,165
CREF,CREF,IP SERVIÇOS,041-2024,CREF - 041-2024,166
"PREFEITURA MUNICIPAL DE TAUÁ - SECRETARIA DE DIREITOS HUMANOS, CIDADANIA E DIVERSIDADE","PREFEITURA MUNICIPAL DE TAUÁ - SECRETARIA DE DIREITOS HUMANOS, CIDADANIA E DIVERSIDADE",ALUCOM,12.12.015/2025-SDHCD,"PREFEITURA MUNICIPAL DE TAUÁ - SECRETARIA DE DIREITOS HUMANOS, CIDADANIA E DIVERSIDADE - 12.12.015/2025-SDHCD",167
SECRETARIA EXTRAORDINÁRIA DE REPRESENTAÇÃO DO GOVERNO DO ESTADO DO AMAPÁ EM BRASÍLIA – SEAB,SECRETARIA EXTRAORDINÁRIA DE REPRESENTAÇÃO DO GOVERNO DO ESTADO DO AMAPÁ EM BRASÍLIA – SEAB,IP SERVIÇOS,010/2024-SEAB,SECRETARIA EXTRAORDINÁRIA DE REPRESENTAÇÃO DO GOVERNO DO ESTADO DO AMAPÁ EM BRASÍLIA – SEAB - 010/2024-SEAB,168
SECRETARIA DO DESENVOLVIMENTO ECONÔMICO - SDE,SECRETARIA DO DESENVOLVIMENTO ECONÔMICO - SDE,IP SERVIÇOS,02 / 2025,SECRETARIA DO DESENVOLVIMENTO ECONÔMICO - SDE - 02 / 2025,169
SUPERINTENDÊNCIA ESTADUAL DO MINISTÉRIO DA SAÚDE NO CEARÁ - SEMS/CE,SUPERINTENDÊNCIA ESTADUAL DO MINISTÉRIO DA SAÚDE NO CEARÁ - SEMS/CE,IP SERVIÇOS,3/2024,SUPERINTENDÊNCIA ESTADUAL DO MINISTÉRIO DA SAÚDE NO CEARÁ - SEMS/CE - 3/2024,170
MARANHÃO PARCEIRIAS - MAPA,MARANHÃO PARCEIRIAS - MAPA,IP SERVIÇOS,15/2023/MAPA,MARANHÃO PARCEIRIAS - MAPA - 15/2023/MAPA,171
REPRESENTAÇÃO DO MUNICÍPIO DE PALMAS - SECRETARIA MUNICIPAL DO GABINETE DO PREFEITO EM BRASILIA,REPRESENTAÇÃO DO MUNICÍPIO DE PALMAS - SECRETARIA MUNICIPAL DO GABINETE DO PREFEITO EM BRASILIA,IP SERVIÇOS,041/2025,REPRESENTAÇÃO DO MUNICÍPIO DE PALMAS - SECRETARIA MUNICIPAL DO GABINETE DO PREFEITO EM BRASILIA - 041/2025,172
VICE-PREFEITURA DE SÃO LUIS - GAVIC,VICE-PREFEITURA DE SÃO LUIS - GAVIC,IP SERVIÇOS,052/2024/GAVIC,VICE-PREFEITURA DE SÃO LUIS - GAVIC - 052/2024/GAVIC,173
"SECRETARIA MUNICIPAL DE INOVAÇÃO, SUSTENTABILIDADE E PROJETOS ESPECIAIS – SEMISPE","SECRETARIA MUNICIPAL DE INOVAÇÃO, SUSTENTABILIDADE E PROJETOS ESPECIAIS – SEMISPE",IP SERVIÇOS,007/2024,"SECRETARIA MUNICIPAL DE INOVAÇÃO, SUSTENTABILIDADE E PROJETOS ESPECIAIS – SEMISPE - 007/2024",174
CÂMARA MUNICIPAL DE CASCAVEL,CÂMARA MUNICIPAL DE CASCAVEL,IP SERVIÇOS,1504/2025.1,CÂMARA MUNICIPAL DE CASCAVEL - 1504/2025.1,175
SECRETARIA MUNICIPAL DE SEGURANÇA COM CIDADANIA−048/2024/SEMUSC,SECRETARIA MUNICIPAL DE SEGURANÇA COM CIDADANIA−SEMUSC,IP SERVIÇOS,048/2024/SEMUSC,SECRETARIA MUNICIPAL DE SEGURANÇA COM CIDADANIA−048/2024/SEMUSC - 048/2024/SEMUSC,176
PREFEITURA MUNICIPAL DE TAUÁ - SECRETARIA DE SEGURANÇA CIDADÃ,PREFEITURA MUNICIPAL DE TAUÁ - SECRETARIA DE SEGURANÇA CIDADÃ,ALUCOM,12.01.001/2026-SSC,PREFEITURA MUNICIPAL DE TAUÁ - SECRETARIA DE SEGURANÇA CIDADÃ - 12.01.001/2026-SSC,177
GOVERNO MUNICIPAL DE CANINDÉ - SECRETARIA DO MEIO AMBIENTE,GOVERNO MUNICIPAL DE CANINDÉ - SECRETARIA DO MEIO AMBIENTE,IP SERVIÇOS,20250423001,GOVERNO MUNICIPAL DE CANINDÉ - SECRETARIA DO MEIO AMBIENTE - 20250423001,178
MUNICIPIO DE GRANJA - CÂMARA MUNICIPAL DE GRANJA,MUNICIPIO DE GRANJA - CÂMARA MUNICIPAL DE GRANJA,IP SERVIÇOS,2025.06.03.01,MUNICIPIO DE GRANJA - CÂMARA MUNICIPAL DE GRANJA - 2025.06.03.01,179
MUNICÍPIO DE CRATO - SECRETARIA DE EDUCAÇÃO,MUNICÍPIO DE CRATO - SECRETARIA DE EDUCAÇÃO,IP SERVIÇOS,2023.01.18.2,MUNICÍPIO DE CRATO - SECRETARIA DE EDUCAÇÃO - 2023.01.18.2,180
MUNICIPIO DE CANINDÉ - CÂMARA MUNICIPAL DE CANINDÉ,MUNICIPIO DE CANINDÉ - CÂMARA MUNICIPAL DE CANINDÉ,IP SERVIÇOS,20249002,MUNICIPIO DE CANINDÉ - CÂMARA MUNICIPAL DE CANINDÉ - 20249002,181
CELERE TECNOLOGIA E ASSESSORIA EM SAUDE PUBLICA E PRIVADA LTDA - UNIDADE EUSEBIO,CELERE TECNOLOGIA E ASSESSORIA EM SAUDE PUBLICA E PRIVADA LTDA - UNIDADE EUSEBIO,IP SERVIÇOS,013/2025,CELERE TECNOLOGIA E ASSESSORIA EM SAUDE PUBLICA E PRIVADA LTDA - UNIDADE EUSEBIO - 013/2025,182
CELERE TECNOLOGIA E ASSESSORIA EM SAUDE PUBLICA E PRIVADA LTDA - UNIDADE ITAPECERICA DA SERRA,CELERE TECNOLOGIA E ASSESSORIA EM SAUDE PUBLICA E PRIVADA LTDA - UNIDADE ITAPECERICA DA SERRA,IP SERVIÇOS,004/2025,CELERE TECNOLOGIA E ASSESSORIA EM SAUDE PUBLICA E PRIVADA LTDA - UNIDADE ITAPECERICA DA SERRA - 004/2025,183
CELERE TECNOLOGIA E ASSESSORIA EM SAUDE PUBLICA E PRIVADA LTDA - UNIDADE MAIRINQUE,CELERE TECNOLOGIA E ASSESSORIA EM SAUDE PUBLICA E PRIVADA LTDA - UNIDADE MAIRINQUE,IP SERVIÇOS,009/2025,CELERE TECNOLOGIA E ASSESSORIA EM SAUDE PUBLICA E PRIVADA LTDA - UNIDADE MAIRINQUE - 009/2025,184
CELERE TECNOLOGIA E ASSESSORIA EM SAUDE PUBLICA E PRIVADA LTDA - UNIDADE SERRA DO MEL,CELERE TECNOLOGIA E ASSESSORIA EM SAUDE PUBLICA E PRIVADA LTDA - UNIDADE SERRA DO MEL,IP SERVIÇOS,015/2025,CELERE TECNOLOGIA E ASSESSORIA EM SAUDE PUBLICA E PRIVADA LTDA - UNIDADE SERRA DO MEL - 015/2025,185
INOVA TABULEIRO SA,INOVA TABULEIRO SA,IP SERVIÇOS,0103-2025,INOVA TABULEIRO SA - 0103-2025,186
ASSOCIACAO DE APOIO AO PROTAGONISMO JUVENIL,ASSOCIACAO DE APOIO AO PROTAGONISMO JUVENIL,IP SERVIÇOS,012/2025,ASSOCIACAO DE APOIO AO PROTAGONISMO JUVENIL - 012/2025,187
CARTÓRIO DO 2º OFÍCIO DE TAUÁ,CARTÓRIO DO 2º OFÍCIO DE TAUÁ,IP SERVIÇOS,2023.1412.01-ip,CARTÓRIO DO 2º OFÍCIO DE TAUÁ - 2023.1412.01-ip,188
ASSOCIAÇÃO ECOS DE ESPERANÇA DO CARIRI,ASSOCIAÇÃO ECOS DE ESPERANÇA DO CARIRI,IP SERVIÇOS,002-2025,ASSOCIAÇÃO ECOS DE ESPERANÇA DO CARIRI - 002-2025,189
SANTANA & PAIVA SERVICOS ADMINISTRATIVOS LTDA,SANTANA & PAIVA SERVICOS ADMINISTRATIVOS LTDA,IP SERVIÇOS,010-2025,SANTANA & PAIVA SERVICOS ADMINISTRATIVOS LTDA - 010-2025,190
COMPANHIA DE INTELIGÊNCIA URBANA E SERVIÇOS S/A,COMPANHIA DE INTELIGÊNCIA URBANA E SERVIÇOS S/A,IP SERVIÇOS,20.230.717.001,COMPANHIA DE INTELIGÊNCIA URBANA E SERVIÇOS S/A - 20.230.717.001,191
ROZANA DUARTE DA SILVA-ME,ROZANA DUARTE DA SILVA-ME,IP SERVIÇOS,2023.01.03.01-IP,ROZANA DUARTE DA SILVA-ME - 2023.01.03.01-IP,192
HF DA ROCHA COMÉRCIO E SERVIÇOS DE INFORMÁTICA,H F DA ROCHA COMERCIO SERVIÇOS,IP SERVIÇOS,2024.0808.04,HF DA ROCHA COMÉRCIO E SERVIÇOS DE INFORMÁTICA - 2024.0808.04,193
OTICA EVANGELISTA,OTICA EVANGELISTA,IP SERVIÇOS,2024.0111.01-IP,OTICA EVANGELISTA - 2024.0111.01-IP,194
IDT,IDT,IP SERVIÇOS,26-A/2025,IDT - 26-A/2025,195
FAMA SOLUCOES EM RECUPERACAO DE CREDITO LTDA - 003/2025,FAMA SOLUCOES,IP SERVIÇOS,003/2025,FAMA SOLUCOES EM RECUPERACAO DE CREDITO LTDA - 003/2025 - 003/2025,196
G&T CONTROLLER LTDA ME - 11/2025,G&T CONTROLLER LTDA ME,IP SERVIÇOS,11/2025,G&T CONTROLLER LTDA ME - 11/2025 - 11/2025,197
G&T CONTROLLER LTDA ME - 2401.01,G&T CONTROLLER LTDA ME,IP SERVIÇOS,2025.2401.01-IP,G&T CONTROLLER LTDA ME - 2401.01 - 2025.2401.01-IP,198
G&T CONTROLLER LTDA ME - 0603.01,G&T CONTROLLER LTDA ME,IP SERVIÇOS,0603.01-2024 IP,G&T CONTROLLER LTDA ME - 0603.01 - 0603.01-2024 IP,199
ÂMBITO PÚBLICO ASSESSORIA EM LICITACOES E GESTAO PUBLICA LTDA,ÂMBITO PÚBLICO ASSESSORIA EM LICITACOES E GESTAO PUBLICA LTDA,IP SERVIÇOS,2024.0903.01-IP,ÂMBITO PÚBLICO ASSESSORIA EM LICITACOES E GESTAO PUBLICA LTDA - 2024.0903.01-IP,200
CONEXAO CONSTRUTORA EMPREENDIMENTOS E SOLUCOES LTDA,CONEXAO CONSTRUTORA,IP SERVIÇOS,025/2025.,CONEXAO CONSTRUTORA EMPREENDIMENTOS E SOLUCOES LTDA - 025/2025.,201
QUEIROZ EDUCACIONAL LTDA,QUEIROZ EDUCACIONAL LTDA,IP SERVIÇOS,002/2026 - IP,QUEIROZ EDUCACIONAL LTDA - 002/2026 - IP,202
S Z SERVICOS COMERCIO E DISTRIBUICAO,"S Z SERVICOS COMERCIO E DISTRIBUICAO LTDA,",IP SERVIÇOS,024/2025.,S Z SERVICOS COMERCIO E DISTRIBUICAO - 024/2025.,203
CASA TELES COMERCIO DE MOVEIS LTDA,CASA TELES COMERCIO DE MOVEIS LTDA,IP SERVIÇOS,027-2025,CASA TELES COMERCIO DE MOVEIS LTDA - 027-2025,204
Fundação Edson Queiroz,Fundação Edson Queiroz - UNIFOR,IP SERVIÇOS,018/2025.,Fundação Edson Queiroz - 018/2025.,205
"TORRES ASSESSORIA EM LICITAÇÕES E GESTÃO PUBLICA LTDA,","TORRES ASSESSORIA EM LICITAÇÕES E GESTÃO PUBLICA LTDA,",IP SERVIÇOS,020-2025-IP,"TORRES ASSESSORIA EM LICITAÇÕES E GESTÃO PUBLICA LTDA, - 020-2025-IP",206
COMERCIAL DE MEDICAMENTOS CAVALCANTE LTDA - FARMÁCIA PREMIUM,COMERCIAL DE MEDICAMENTOS CAVALCANTE LTDA - FARMÁCIA PREMIUM,IP SERVIÇOS,001-2026 - IP,COMERCIAL DE MEDICAMENTOS CAVALCANTE LTDA - FARMÁCIA PREMIUM - 001-2026 - IP,207
PREFEITURA MUNICIPAL DE TAUÁ - SECRETARIA DE GOVERNO,PREFEITURA MUNICIPAL DE TAUÁ - SECRETARIA DE GOVERNO,ALUCOM,1301001/2026 – SEGOV,PREFEITURA MUNICIPAL DE TAUÁ - SECRETARIA DE GOVERNO - 1301001/2026 – SEGOV,208
SOCIEDADE PAULISTA DE MEDICINA VETERINÁRIA,SOCIEDADE PAULISTA DE MEDICINA,IP SERVIÇOS,2024.0110.01-IP,SOCIEDADE PAULISTA DE MEDICINA VETERINÁRIA - 2024.0110.01-IP,209
FACULDADE CENTRO SUL LTDA,FACULDADE CENTRO SUL LTDA,IP SERVIÇOS,022/2025.,FACULDADE CENTRO SUL LTDA - 022/2025.,210
"INSTITUTO DE SAUDE, EDUCACAO E CULTURA - ISEC","INSTITUTO DE SAUDE, EDUCACAO E CULTURA - ISEC",IP SERVIÇOS,023/2025,"INSTITUTO DE SAUDE, EDUCACAO E CULTURA - ISEC - 023/2025",211
CEE - CENTRO DE EDUCACÃO ELIT LTDA,CEE - CENTRO DE EDUCACÃO ELIT LTDA,IP SERVIÇOS,026/2025,CEE - CENTRO DE EDUCACÃO ELIT LTDA - 026/2025,212
"CASPE SERVIÇOS DE CONTABILIDADE PÚBLICA E EMPRESARIAL SS,","CASPE SERVIÇOS DE CONTABILIDADE PÚBLICA E EMPRESARIAL SS,",IP SERVIÇOS,002-2026 - IP,"CASPE SERVIÇOS DE CONTABILIDADE PÚBLICA E EMPRESARIAL SS, - 002-2026 - IP",213
MN EMPREENDIMENTOS E SOLUÇÕES ADMINISTRATIVAS EIRELI,"MN EMPREENDIMENTOS E SOLUÇÕES ADMINISTRATIVAS EIRELI,",IP SERVIÇOS,2024.0801.01-IP.,MN EMPREENDIMENTOS E SOLUÇÕES ADMINISTRATIVAS EIRELI - 2024.0801.01-IP.,214
PREFEITURA MUNICIPAL DE TAUÁ - SECRETARIA DE DESENVOLVIMENTO RURAL E RECURSOS HIDRICOS,PREFEITURA MUNICIPAL DE TAUÁ - SECRETARIA DE DESENVOLVIMENTO RURAL E  RECURSOS HIDRICOS,ALUCOM,1201001/2026-SEDERHI,PREFEITURA MUNICIPAL DE TAUÁ - SECRETARIA DE DESENVOLVIMENTO RURAL E RECURSOS HIDRICOS - 1201001/2026-SEDERHI,215
PREFEITURA MUNICIPAL DE AQUIRAZ - SECRETARIA DE ADMINISTRAÇÃO E PLANEJAMENTO,PREFEITURA MUNICIPAL DE AQUIRAZ - SECRETARIA DE ADMINISTRAÇÃO E PLANEJAMENTO,ALUCOM,2025/2208.02,PREFEITURA MUNICIPAL DE AQUIRAZ - SECRETARIA DE ADMINISTRAÇÃO E PLANEJAMENTO - 2025/2208.02,217
"PREFEITURA MUNICIPAL DE AQUIRAZ - SECRETARIA DE AGRICULTURA, PECUÁRIA, AQUICULTURA, PESCA E RECURSOS HÍDRICOS","PREFEITURA MUNICIPAL DE AQUIRAZ - SECRETARIA DE AGRICULTURA, PECUÁRIA, AQUICULTURA, PESCA E RECURSOS HÍDRICOS",ALUCOM,2025/2208.03,"PREFEITURA MUNICIPAL DE AQUIRAZ - SECRETARIA DE AGRICULTURA, PECUÁRIA, AQUICULTURA, PESCA E RECURSOS HÍDRICOS - 2025/2208.03",218
PREFEITURA MUNICIPAL DE ACARAU - CONTROLADORIA GERAL DO MUNICÍPIO E OUVIDORIA,PREFEITURA MUNICIPAL DE ACARAU - CONTROLADORIA GERAL DO MUNICÍPIO E OUVIDORIA,AS SISTEMAS,202405240002,PREFEITURA MUNICIPAL DE ACARAU - CONTROLADORIA GERAL DO MUNICÍPIO E OUVIDORIA - 202405240002,219
PREFEITURA MUNICIPAL DE AQUIRAZ - SECRETARIA DO TRABALHO E ASSISTÊNCIA SOCIAL,PREFEITURA MUNICIPAL DE AQUIRAZ - SECRETARIA DO TRABALHO E ASSISTÊNCIA SOCIAL,ALUCOM,2025/2208.04,PREFEITURA MUNICIPAL DE AQUIRAZ - SECRETARIA DO TRABALHO E ASSISTÊNCIA SOCIAL - 2025/2208.04,220
CONSÓRCIO PÚBLICO DE SAÚDE DO MACIÇO DE BATURITÉ - CPSMB,CONSÓRCIO PÚBLICO DE SAÚDE DO MACIÇO DE BATURITÉ - CPSMB E,AS SISTEMAS,01/2025,CONSÓRCIO PÚBLICO DE SAÚDE DO MACIÇO DE BATURITÉ - CPSMB - 01/2025,221
PREFEITURA MUNICIPAL DE AQUIRAZ - CONTROLADORIA GERAL DO MUNICIPIO,PREFEITURA MUNICIPAL DE AQUIRAZ - CONTROLADORIA GERAL DO MUNICIPIO,ALUCOM,2025/2208.05,PREFEITURA MUNICIPAL DE AQUIRAZ - CONTROLADORIA GERAL DO MUNICIPIO - 2025/2208.05,222
PREFEITURA MUNICIPAL DE AQUIRAZ - SECRETARIA DE CULTURA,PREFEITURA MUNICIPAL DE AQUIRAZ - SECRETARIA DE CULTURA,ALUCOM,2025/2208.06,PREFEITURA MUNICIPAL DE AQUIRAZ - SECRETARIA DE CULTURA - 2025/2208.06,223
CONSÓRCIO PÚBLICO DE SAÚDE DA MICRORREGIÃO DE CAMOCIM-CPSMCAM,CONSÓRCIO PÚBLICO DE SAÚDE DA MICRORREGIÃO DE CAMOCIM-CPSMCAM,AS SISTEMAS,2024.01.25.01,CONSÓRCIO PÚBLICO DE SAÚDE DA MICRORREGIÃO DE CAMOCIM-CPSMCAM - 2024.01.25.01,224
PREFEITURA MUNICIPAL DE AQUIRAZ - SECRETARIA DE EDUCAÇÃO,PREFEITURA MUNICIPAL DE AQUIRAZ - SECRETARIA DE EDUCAÇÃO,ALUCOM,2025/2208.07,PREFEITURA MUNICIPAL DE AQUIRAZ - SECRETARIA DE EDUCAÇÃO - 2025/2208.07,225
"PREFEITURA MUNICIPAL DE AQUIRAZ - SECRETARIA DE ESPORTE, JUVENTUDE E LAZER","PREFEITURA MUNICIPAL DE AQUIRAZ - SECRETARIA DE ESPORTE, JUVENTUDE E LAZER",ALUCOM,2025/2208.18,"PREFEITURA MUNICIPAL DE AQUIRAZ - SECRETARIA DE ESPORTE, JUVENTUDE E LAZER - 2025/2208.18",226
PREFEITURA MUNICIPAL DE AQUIRAZ - SECRETARIA DE FINANÇAS,PREFEITURA MUNICIPAL DE AQUIRAZ - SECRETARIA DE FINANÇAS,ALUCOM,2025/2208.08,PREFEITURA MUNICIPAL DE AQUIRAZ - SECRETARIA DE FINANÇAS - 2025/2208.08,227
CONSÓRCIO PÚBLICO DE SAÚDE DA MICRORREGIÃO DE CRATO – CPSMC,CONSÓRCIO PÚBLICO DE SAÚDE DA MICRORREGIÃO DE CRATO – CPSMC,AS SISTEMAS,2025.08.22.157,CONSÓRCIO PÚBLICO DE SAÚDE DA MICRORREGIÃO DE CRATO – CPSMC - 2025.08.22.157,228
PREFEITURA MUNICIPAL DE AQUIRAZ - GABINETE DO VICE PREFEITO,PREFEITURA MUNICIPAL DE AQUIRAZ - GABINETE DO VICE PREFEITO,ALUCOM,2025/2208.10,PREFEITURA MUNICIPAL DE AQUIRAZ - GABINETE DO VICE PREFEITO - 2025/2208.10,229
PREFEITURA MUNICIPAL DE AQUIRAZ - SECRETARIA DO GABINETE DO PREFEITO,PREFEITURA MUNICIPAL DE AQUIRAZ - SECRETARIA DO GABINETE DO PREFEITO,ALUCOM,2025/2208.09,PREFEITURA MUNICIPAL DE AQUIRAZ - SECRETARIA DO GABINETE DO PREFEITO - 2025/2208.09,230
PREFEITURA MUNICIPAL DE ICÓ - SECRETARIA DO TRABALHO E ASSISTÊNCIA SOCIAL,PREFEITURA MUNICIPAL DE ICÓ - SECRETARIA DO TRABALHO E ASSISTÊNCIA SOCIAL,AS SISTEMAS,04/2022-03,PREFEITURA MUNICIPAL DE ICÓ - SECRETARIA DO TRABALHO E ASSISTÊNCIA SOCIAL - 04/2022-03,231
PREFEITURA MUNICIPAL DE AQUIRAZ - HOSPITAL GERAL MANOEL ASSUNÇÃO PIRES,PREFEITURA MUNICIPAL DE AQUIRAZ - HOSPITAL GERAL MANOEL ASSUNÇÃO PIRES,ALUCOM,2025/2208.11,PREFEITURA MUNICIPAL DE AQUIRAZ - HOSPITAL GERAL MANOEL ASSUNÇÃO PIRES - 2025/2208.11,232
PREFEITURA MUNICIPAL DE AQUIRAZ - SECRETARIA DE MEIO AMBIENTE E DESENVOLVIMENTO URBANO,PREFEITURA MUNICIPAL DE AQUIRAZ - SECRETARIA DE MEIO AMBIENTE E DESENVOLVIMENTO URBANO,ALUCOM,2025/2208.13,PREFEITURA MUNICIPAL DE AQUIRAZ - SECRETARIA DE MEIO AMBIENTE E DESENVOLVIMENTO URBANO - 2025/2208.13,233
PREFEITURA MUNICIPAL DE ICÓ - SECRETARIA DE EDUCAÇÃO,PREFEITURA MUNICIPAL DE ICÓ - SECRETARIA DE EDUCAÇÃO,AS SISTEMAS,04/2022-01,PREFEITURA MUNICIPAL DE ICÓ - SECRETARIA DE EDUCAÇÃO - 04/2022-01,234
PREFEITURA MUNICIPAL DE AQUIRAZ - PROCURADORIA GERAL DO MUNICIPIO,PREFEITURA MUNICIPAL DE AQUIRAZ - PROCURADORIA GERAL DO MUNICIPIO,ALUCOM,2025/2208.17,PREFEITURA MUNICIPAL DE AQUIRAZ - PROCURADORIA GERAL DO MUNICIPIO - 2025/2208.17,235
PREFEITURA MUNICIPAL DE ICÓ - SECRETARIA DE ADMINISTRAÇÃO E FINANÇAS,PREFEITURA MUNICIPAL DE ICÓ - SECRETARIA DE ADMINISTRAÇÃO E FINANÇAS,AS SISTEMAS,04/2022-04,PREFEITURA MUNICIPAL DE ICÓ - SECRETARIA DE ADMINISTRAÇÃO E FINANÇAS - 04/2022-04,236
PREFEITURA MUNICIPAL DE ICÓ - SERVIÇO AUTÔNOMO DE ÁGUA E ESGOTO – SAAE,PREFEITURA MUNICIPAL DE ICÓ - SERVIÇO AUTÔNOMO DE ÁGUA E ESGOTO – SAAE,AS SISTEMAS,04/2022-05,PREFEITURA MUNICIPAL DE ICÓ - SERVIÇO AUTÔNOMO DE ÁGUA E ESGOTO – SAAE - 04/2022-05,237
PREFEITURA MUNICIPAL DE ICÓ - SECRETARIA DE SAUDE,PREFEITURA MUNICIPAL DE ICÓ - SECRETARIA DE SAUDE,AS SISTEMAS,04/2022-02,PREFEITURA MUNICIPAL DE ICÓ - SECRETARIA DE SAUDE - 04/2022-02,238
PREFEITURA MUNICIPAL DE ITATIRA - SECRETARIA DE ADMINISTRACAO E FINANCAS,PREFEITURA MUNICIPAL DE ITATIRA - SECRETARIA DE ADMINISTRACAO E FINANCAS,AS SISTEMAS,202404120003,PREFEITURA MUNICIPAL DE ITATIRA - SECRETARIA DE ADMINISTRACAO E FINANCAS - 202404120003,239
PREFEITURA MUNICIPAL DE AQUIRAZ - SECRETARIA DE SAÚDE,PREFEITURA MUNICIPAL DE AQUIRAZ - SECRETARIA DE SAÚDE,ALUCOM,2025/2208.12,PREFEITURA MUNICIPAL DE AQUIRAZ - SECRETARIA DE SAÚDE - 2025/2208.12,240
PREFEITURA MUNICIPAL DE ITATIRA - FUNDO MUNICIPAL DE EDUCAÇÃO,PREFEITURA MUNICIPAL DE ITATIRA - FUNDO MUNICIPAL DE EDUCAÇÃO,AS SISTEMAS,202404120004,PREFEITURA MUNICIPAL DE ITATIRA - FUNDO MUNICIPAL DE EDUCAÇÃO - 202404120004,241
PREFEITURA MUNICIPAL DE AQUIRAZ - SECRETARIA DE SEGURANÇA PÚBLICA E DEFESA CIVIL (GUARDA CIVIL),PREFEITURA MUNICIPAL DE AQUIRAZ - SECRETARIA DE SEGURANÇA PÚBLICA E DEFESA CIVIL (GUARDA CIVIL),ALUCOM,2025/2208.14,PREFEITURA MUNICIPAL DE AQUIRAZ - SECRETARIA DE SEGURANÇA PÚBLICA E DEFESA CIVIL (GUARDA CIVIL) - 2025/2208.14,242
PREFEITURA MUNICIPAL DE ITATIRA -  FUNDO MUNICIPAL DE SAUDE,PREFEITURA MUNICIPAL DE ITATIRA -  FUNDO MUNICIPAL DE SAUDE,AS SISTEMAS,202404120005,PREFEITURA MUNICIPAL DE ITATIRA -  FUNDO MUNICIPAL DE SAUDE - 202404120005,244
PREFEITURA MUNICIPAL DE AQUIRAZ - SECRETARIA DE SERVIÇOS PÚBLICOS,PREFEITURA MUNICIPAL DE AQUIRAZ - SECRETARIA DE SERVIÇOS PÚBLICOS,ALUCOM,2025/2208.02,PREFEITURA MUNICIPAL DE AQUIRAZ - SECRETARIA DE SERVIÇOS PÚBLICOS - 2025/2208.02,245
FAMA SOLUCOES EM RECUPERACAO DE CREDITO LTDA - 006/2025,FAMA SOLUCOES EM RECUPERACAO DE CREDITO LTDA,IP SERVIÇOS,006/2025,FAMA SOLUCOES EM RECUPERACAO DE CREDITO LTDA - 006/2025 - 006/2025,246
PREFEITURA MUNICIPAL DE AQUIRAZ - SECRETARIA MUNICIPAL DE TRÂNSITO E TRANSPORTE URBANO — SMTT,PREFEITURA MUNICIPAL DE AQUIRAZ - SECRETARIA MUNICIPAL DE TRÂNSITO E TRANSPORTE URBANO — SMTT,ALUCOM,2025/2208.15,PREFEITURA MUNICIPAL DE AQUIRAZ - SECRETARIA MUNICIPAL DE TRÂNSITO E TRANSPORTE URBANO — SMTT - 2025/2208.15,247
PREFEITURA. MUNICIPAL DE AQUIRAZ - SECRETARIA DE TURISMO,PREFEITURA. MUNICIPAL DE AQUIRAZ - SECRETARIA DE TURISMO,ALUCOM,2025/2208.16,PREFEITURA. MUNICIPAL DE AQUIRAZ - SECRETARIA DE TURISMO - 2025/2208.16,248
PREFEITURA MUNICIPAL DE CAMOCIM - SAÚDE - 2025.10.08.001,PREFEITURA MUNICIPAL DE CAMOCIM - SAÚDE,ALUCOM,2025.10.08.001,PREFEITURA MUNICIPAL DE CAMOCIM - SAÚDE - 2025.10.08.001 - 2025.10.08.001,249
"CLAREAR COMÉRCIO E SERVIÇOS DE MÃO DE OBRA LTDA,","CLAREAR COMÉRCIO E SERVIÇOS DE MÃO DE OBRA LTDA,",IP SERVIÇOS,2023.08.24-IP.,"CLAREAR COMÉRCIO E SERVIÇOS DE MÃO DE OBRA LTDA, - 2023.08.24-IP.",250
"JOANA D ARC CLAUDIO BRASIL DODO,","JOANA D ARC CLAUDIO BRASIL DODO,",IP SERVIÇOS,2301-2025,"JOANA D ARC CLAUDIO BRASIL DODO, - 2301-2025",251
"CÉLEBRE CONTABILIDADE E ASSESSORIA S/S LTDA,","CÉLEBRE CONTABILIDADE E ASSESSORIA S/S LTDA,",IP SERVIÇOS,2024.0515.02,"CÉLEBRE CONTABILIDADE E ASSESSORIA S/S LTDA, - 2024.0515.02",252
"R 2 LOGISTICA E TRANSPORTES LTDA,","R 2 LOGISTICA E TRANSPORTES LTDA,",IP SERVIÇOS,0302-2025,"R 2 LOGISTICA E TRANSPORTES LTDA, - 0302-2025",253
"COMPANHIA DE INFRAESTRUTURA, TECNOLOGIA E INOVACAO(CITI),","COMPANHIA DE INFRAESTRUTURA, TECNOLOGIA E INOVACAO(CITI),",IP SERVIÇOS,2024.03.21.01-IP.,"COMPANHIA DE INFRAESTRUTURA, TECNOLOGIA E INOVACAO(CITI), - 2024.03.21.01-IP.",254
"ACG CONSTRUÇÕES E CONSERVAÇÃO AMBIENTAL LTDA,","ACG CONSTRUÇÕES E CONSERVAÇÃO AMBIENTAL LTDA,",IP SERVIÇOS,2024.2008.01,"ACG CONSTRUÇÕES E CONSERVAÇÃO AMBIENTAL LTDA, - 2024.2008.01",255
ESCRITORIO DE REPRESENTAÇÃO DO MINISTÉRIO DAS RELAÇÕES EXTERIORES,ESCRITORIO DE REPRESENTAÇÃO DO MINISTÉRIO DAS RELAÇÕES EXTERIORES,AS SISTEMAS,01/2025,ESCRITORIO DE REPRESENTAÇÃO DO MINISTÉRIO DAS RELAÇÕES EXTERIORES - 01/2025,256
GOVERNO MUNICIPAL DE URUOCA - FUNDEB- FUNDO DES.DA EDUCACAO BASICA E VAL MAGIST,GOVERNO MUNICIPAL DE URUOCA - FUNDEB- FUNDO DES.DA EDUCACAO BASICA E VAL MAGIST,AS SISTEMAS,202507220005,GOVERNO MUNICIPAL DE URUOCA - FUNDEB- FUNDO DES.DA EDUCACAO BASICA E VAL MAGIST - 202507220005,257
GOVERNO MUNICIPAL DE URUOCA - FUNDO MUNICIPAL DE ASSISTENCIA SOCIAL E CIDADANIA,GOVERNO MUNICIPAL DE URUOCA - FUNDO MUNICIPAL DE ASSISTENCIA SOCIAL E CIDADANIA,AS SISTEMAS,202507220004,GOVERNO MUNICIPAL DE URUOCA - FUNDO MUNICIPAL DE ASSISTENCIA SOCIAL E CIDADANIA - 202507220004,258
PREFEITURA MUNICIPAL DE URUOCA - GESTÃO DE CONTRATO,PREFEITURA MUNICIPAL DE URUOCA - GESTÃO DE CONTRATO,AS SISTEMAS,202507220001,PREFEITURA MUNICIPAL DE URUOCA - GESTÃO DE CONTRATO - 202507220001,259
GOVERNO MUNICIPAL DE URUOCA - FUNDO MUNICIPAL DE SAÚDE,GOVERNO MUNICIPAL DE URUOCA - FUNDO MUNICIPAL DE SAÚDE,AS SISTEMAS,202507220002,GOVERNO MUNICIPAL DE URUOCA - FUNDO MUNICIPAL DE SAÚDE - 202507220002,260
GOVERNO MUNICIPAL DE URUOCA - FUNDO MUNICIPAL DE EDUCAÇÃO,GOVERNO MUNICIPAL DE URUOCA - FUNDO MUNICIPAL DE EDUCAÇÃO,AS SISTEMAS,202507220003,GOVERNO MUNICIPAL DE URUOCA - FUNDO MUNICIPAL DE EDUCAÇÃO - 202507220003,261
GOVER DO ESTADO DO CEARÁ - SECRETARIA DA PROTEÇÃO ANIMAL – SEPA,GOVER DO ESTADO DO CEARÁ - SECRETARIA DA PROTEÇÃO ANIMAL – SEPA,IP SERVIÇOS,015/2025,GOVER DO ESTADO DO CEARÁ - SECRETARIA DA PROTEÇÃO ANIMAL – SEPA - 015/2025,262
ASSOCIACAO DE PROTECAO E ASSISTENCIA A MAT E INFANCIA - ISV - Contrato 1,ASSOCIACAO DE PROTECAO E ASSISTENCIA A MAT E INFANCIA - ISV - Contrato 1,IP SERVIÇOS,01.09.001/2025,ASSOCIACAO DE PROTECAO E ASSISTENCIA A MAT E INFANCIA - ISV - Contrato 1 - 01.09.001/2025,263
ASSOCIACAO DE PROTECAO E ASSISTENCIA A MAT E INFANCIA - ISV - (Contrato 2 substituiu o Contrato 1),ASSOCIACAO DE PROTECAO E ASSISTENCIA A MAT E INFANCIA - ISV - (Contrato 2 substituiu o Contrato 1),IP SERVIÇOS,01.09.001/2025,ASSOCIACAO DE PROTECAO E ASSISTENCIA A MAT E INFANCIA - ISV - (Contrato 2 substituiu o Contrato 1) - 01.09.001/2025,264
"CONSELHO REGIONAL DE CONTABILIDADE DO CEARÁ,","CONSELHO REGIONAL DE CONTABILIDADE DO CEARÁ,",IP SERVIÇOS,05/2025,"CONSELHO REGIONAL DE CONTABILIDADE DO CEARÁ, - 05/2025",265
PREFEITURA MUNICIPAL DE FORTALEZA - SECRETARIA MUNICIPAL DO ESPORTE E LAZER,PREFEITURA MUNICIPAL DE FORTALEZA - SECRETARIA MUNICIPAL DO ESPORTE E LAZER,IP SERVIÇOS,01/2026 – SECEL,PREFEITURA MUNICIPAL DE FORTALEZA - SECRETARIA MUNICIPAL DO ESPORTE E LAZER - 01/2026 – SECEL,266
MULTINTEGRADA LTDA,MULTINTEGRADA LTDA,IP SERVIÇOS,2024.0411.01-IP,MULTINTEGRADA LTDA - 2024.0411.01-IP,267
SUPERINTENDÊNCIA DE OBRAS DO PLANO DE DESENVOLVIMENTO DO ESTADO - SUPLAN,SUPERINTENDÊNCIA DE OBRAS DO PLANO DE DESENVOLVIMENTO DO ESTADO - SUPLAN,IP SERVIÇOS,49/2024,SUPERINTENDÊNCIA DE OBRAS DO PLANO DE DESENVOLVIMENTO DO ESTADO - SUPLAN - 49/2024,268
,,,, - ,
,,,, - ,
,,,, - ,
,,,, - ,
,,,, - ,
,,,, - ,
,,,, - ,
,,,, - ,
,,,, - ,
,,,, - ,
,,,, - ,
,,,, - ,
,,,, - ,
,,,, - ,
,,,, - ,
,,,, - ,
,,,, - ,
,,,, - ,
,,,, - ,
,,,, - ,
,,,, - ,
,,,, - ,
,,,, - ,
,,,, - ,
,,,, - ,
,,,, - ,
,,,, - ,
,,,, - ,
,,,, - ,
,,,, - ,
,,,, - ,
,,,, - ,
,,,, - ,
,,,, - ,
,,,, - ,
,,,, - ,
,,,, - ,
,,,, - ,
,,,, - ,
,,,, - ,
,,,, - ,
,,,, - ,
,,,, - ,
,,,, - ,
,,,, - ,
,,,, - ,
,,,, - ,
,,,, - ,
,,,, - ,
,,,, - ,
,,,, - ,
,,,, - ,
,,,, - ,
,,,, - ,
,,,, - ,
,,,, - ,
,,,, - ,
,,,, - ,
,,,, - ,
,,,, - ,
,,,, - ,
,,,, - ,
,,,, - ,
,,,, - ,
,,,, - ,
,,,, - ,
,,,, - ,
,,,, - ,
,,,, - ,
,,,, - ,
,,,, - ,
,,,, - ,
,,,, - ,
,,,, - ,
,,,, - ,
,,,, - ,
,,,, - ,
,,,, - ,
,,,, - ,
,,,, - ,
,,,, - ,
,,,, - ,
,,,, - ,
,,,, - ,
,,,, - ,
,,,, - ,
,,,, - ,
,,,, - ,
,,,, - ,
,,,, - ,
,,,, - ,
,,,, - ,
,,,, - ,
,,,, - ,
,,,, - ,
,,,, - ,
,,,, - ,
,,,, - ,
,,,, - ,
,,,, - ,
,,,, - ,
,,,, - ,
,,,, - ,
,,,, - ,
,,,, - ,
,,,, - ,
,,,, - ,
,,,, - ,
,,,, - ,
,,,, - ,
,,,, - ,
,,,, - ,
,,,, - ,
,,,, - ,
,,,, - ,
,,,, - ,
,,,, - ,
,,,, - ,
,,,, - ,
,,,, - ,
,,,, - ,
,,,, - ,
,,,, - ,
,,,, - ,
,,,, - ,
,,,, - ,
,,,, - ,
,,,, - ,
,,,, - ,
,,,, - ,
,,,, - ,
,,,, - ,
,,,, - ,
,,,, - ,
,,,, - ,
,,,, - ,
,,,, - ,
,,,, - ,
,,,, - ,
,,,, - ,
,,,, - ,
,,,, - ,
,,,, - ,
,,,, - ,
,,,, - ,
,,,, - ,
,,,, - ,